dimension,value_1,value_2,mean_1,mean_2,pval_res,pval_bonf,significant_005,significant_bonf
current_try,1,2,0.3741965105601469,1.4545454545454546,0.004083286827598462,0.016666666666666666,yes,yes
current_try,1,3,0.3741965105601469,1.4545454545454546,0.004013606719310522,0.016666666666666666,yes,yes
current_try,2,3,1.4545454545454546,1.4545454545454546,0.8819845464318956,0.016666666666666666,no,no
q_0_age_answer,19-25,26-35,0.20995670995670995,0.49569377990430624,0.00015995169333832035,0.008333333333333333,yes,yes
q_0_age_answer,19-25,36-50,0.20995670995670995,0.3654916512059369,0.09696866879211738,0.008333333333333333,no,no
q_0_age_answer,19-25,50-80,0.20995670995670995,0.22727272727272727,0.9225697740919738,0.008333333333333333,no,no
q_0_age_answer,36-50,26-35,0.3654916512059369,0.49569377990430624,0.02665663353339343,0.008333333333333333,yes,no
q_0_age_answer,50-80,26-35,0.22727272727272727,0.49569377990430624,0.016228586571305808,0.008333333333333333,yes,no
q_0_age_answer,50-80,36-50,0.22727272727272727,0.3654916512059369,0.2914097123889444,0.008333333333333333,no,no
q_0_school_answer,High school graduate or GED (etc.),4 year college/bachelor degree,0.22077922077922077,0.4344405594405594,0.0940681683380088,0.005,no,no
q_0_school_answer,Postgrad. or professional degree (etc.),4 year college/bachelor degree,0.3142857142857143,0.4344405594405594,0.11279947808035319,0.005,no,no
q_0_school_answer,4 year college/bachelor degree,"Postgrad. or professional schooling, no degree",0.4344405594405594,0.6859504132231405,0.042191656741781276,0.005,yes,no
q_0_school_answer,Some college (etc.),4 year college/bachelor degree,0.2828282828282828,0.4344405594405594,0.04847180550000958,0.005,yes,no
q_0_school_answer,High school graduate or GED (etc.),Postgrad. or professional degree (etc.),0.22077922077922077,0.3142857142857143,0.5464871343838256,0.005,no,no
q_0_school_answer,High school graduate or GED (etc.),"Postgrad. or professional schooling, no degree",0.22077922077922077,0.6859504132231405,0.00709324003135174,0.005,yes,no
q_0_school_answer,High school graduate or GED (etc.),Some college (etc.),0.22077922077922077,0.2828282828282828,0.7091788145638203,0.005,no,no
q_0_school_answer,Postgrad. or professional degree (etc.),"Postgrad. or professional schooling, no degree",0.3142857142857143,0.6859504132231405,0.004959524277819787,0.005,yes,yes
q_0_school_answer,Some college (etc.),Postgrad. or professional degree (etc.),0.2828282828282828,0.3142857142857143,0.7483365854736516,0.005,no,no
q_0_school_answer,Some college (etc.),"Postgrad. or professional schooling, no degree",0.2828282828282828,0.6859504132231405,0.002787129327560594,0.005,yes,yes
q_0_taxes_answer,"100,000 to less than 150,000","10,000 to less than 20,000",0.10909090909090909,0.34965034965034963,0.123551459586262,0.001388888888888889,no,no
q_0_taxes_answer,"150,000 or more","10,000 to less than 20,000",0.32727272727272727,0.34965034965034963,0.7679613236585241,0.001388888888888889,no,no
q_0_taxes_answer,"10,000 to less than 20,000","20,000 to less than 30,000",0.34965034965034963,0.6606060606060606,0.028941466987132868,0.001388888888888889,yes,no
q_0_taxes_answer,"10,000 to less than 20,000","30,000 to less than 40,000",0.34965034965034963,0.38484848484848483,0.8195508518437381,0.001388888888888889,no,no
q_0_taxes_answer,"10,000 to less than 20,000","40,000 to less than 50,000",0.34965034965034963,0.45454545454545453,0.4115979120244039,0.001388888888888889,no,no
q_0_taxes_answer,"10,000 to less than 20,000","50,000 to less than 75,000",0.34965034965034963,0.38477801268498946,0.8063573320422316,0.001388888888888889,no,no
q_0_taxes_answer,"10,000 to less than 20,000","75,000 to less than 100,000",0.34965034965034963,0.39002932551319647,0.6866266905097298,0.001388888888888889,no,no
q_0_taxes_answer,"Less than 10,000","10,000 to less than 20,000",0.19318181818181818,0.34965034965034963,0.5023703805379607,0.001388888888888889,no,no
q_0_taxes_answer,"100,000 to less than 150,000","150,000 or more",0.10909090909090909,0.32727272727272727,0.2292602900577989,0.001388888888888889,no,no
q_0_taxes_answer,"100,000 to less than 150,000","20,000 to less than 30,000",0.10909090909090909,0.6606060606060606,9.613482782233581e-05,0.001388888888888889,yes,yes
q_0_taxes_answer,"100,000 to less than 150,000","30,000 to less than 40,000",0.10909090909090909,0.38484848484848483,0.03478098369416945,0.001388888888888889,yes,no
q_0_taxes_answer,"100,000 to less than 150,000","40,000 to less than 50,000",0.10909090909090909,0.45454545454545453,0.0057049363180005554,0.001388888888888889,yes,no
q_0_taxes_answer,"100,000 to less than 150,000","50,000 to less than 75,000",0.10909090909090909,0.38477801268498946,0.025013181545087703,0.001388888888888889,yes,no
q_0_taxes_answer,"100,000 to less than 150,000","75,000 to less than 100,000",0.10909090909090909,0.39002932551319647,0.021325523478283585,0.001388888888888889,yes,no
q_0_taxes_answer,"100,000 to less than 150,000","Less than 10,000",0.10909090909090909,0.19318181818181818,0.5324214816302866,0.001388888888888889,no,no
q_0_taxes_answer,"150,000 or more","20,000 to less than 30,000",0.32727272727272727,0.6606060606060606,0.008521844259252682,0.001388888888888889,yes,no
q_0_taxes_answer,"150,000 or more","30,000 to less than 40,000",0.32727272727272727,0.38484848484848483,0.5598044976755165,0.001388888888888889,no,no
q_0_taxes_answer,"150,000 or more","40,000 to less than 50,000",0.32727272727272727,0.45454545454545453,0.24403606678490097,0.001388888888888889,no,no
q_0_taxes_answer,"150,000 or more","50,000 to less than 75,000",0.32727272727272727,0.38477801268498946,0.5341446693580734,0.001388888888888889,no,no
q_0_taxes_answer,"150,000 or more","75,000 to less than 100,000",0.32727272727272727,0.39002932551319647,0.42457254707992653,0.001388888888888889,no,no
q_0_taxes_answer,"Less than 10,000","150,000 or more",0.19318181818181818,0.32727272727272727,0.7344249069702303,0.001388888888888889,no,no
q_0_taxes_answer,"30,000 to less than 40,000","20,000 to less than 30,000",0.38484848484848483,0.6606060606060606,0.01354983788675156,0.001388888888888889,yes,no
q_0_taxes_answer,"40,000 to less than 50,000","20,000 to less than 30,000",0.45454545454545453,0.6606060606060606,0.07120327810615597,0.001388888888888889,no,no
q_0_taxes_answer,"50,000 to less than 75,000","20,000 to less than 30,000",0.38477801268498946,0.6606060606060606,0.009596131521655421,0.001388888888888889,yes,no
q_0_taxes_answer,"75,000 to less than 100,000","20,000 to less than 30,000",0.39002932551319647,0.6606060606060606,0.036710402753756984,0.001388888888888889,yes,no
q_0_taxes_answer,"Less than 10,000","20,000 to less than 30,000",0.19318181818181818,0.6606060606060606,0.01582600840970853,0.001388888888888889,yes,no
q_0_taxes_answer,"30,000 to less than 40,000","40,000 to less than 50,000",0.38484848484848483,0.45454545454545453,0.42724239833290434,0.001388888888888889,no,no
q_0_taxes_answer,"50,000 to less than 75,000","30,000 to less than 40,000",0.38477801268498946,0.38484848484848483,0.9903518896582021,0.001388888888888889,no,no
q_0_taxes_answer,"30,000 to less than 40,000","75,000 to less than 100,000",0.38484848484848483,0.39002932551319647,0.7840402244408817,0.001388888888888889,no,no
q_0_taxes_answer,"Less than 10,000","30,000 to less than 40,000",0.19318181818181818,0.38484848484848483,0.36249010448958896,0.001388888888888889,no,no
q_0_taxes_answer,"50,000 to less than 75,000","40,000 to less than 50,000",0.38477801268498946,0.45454545454545453,0.38933641583769285,0.001388888888888889,no,no
q_0_taxes_answer,"75,000 to less than 100,000","40,000 to less than 50,000",0.39002932551319647,0.45454545454545453,0.6031514202034642,0.001388888888888889,no,no
q_0_taxes_answer,"Less than 10,000","40,000 to less than 50,000",0.19318181818181818,0.45454545454545453,0.1578805839551135,0.001388888888888889,no,no
q_0_taxes_answer,"50,000 to less than 75,000","75,000 to less than 100,000",0.38477801268498946,0.39002932551319647,0.7697676480439306,0.001388888888888889,no,no
q_0_taxes_answer,"Less than 10,000","50,000 to less than 75,000",0.19318181818181818,0.38477801268498946,0.34302669868971625,0.001388888888888889,no,no
q_0_taxes_answer,"Less than 10,000","75,000 to less than 100,000",0.19318181818181818,0.39002932551319647,0.27497599219331703,0.001388888888888889,no,no
q_0_political_views_answer,Conservative,Liberal,0.2809917355371901,0.32644628099173556,0.25360143574943683,0.005,no,no
q_0_political_views_answer,Conservative,Moderate,0.2809917355371901,0.3878787878787879,0.07874235279444602,0.005,no,no
q_0_political_views_answer,Conservative,Very conservative,0.2809917355371901,0.7575757575757576,6.769536353250433e-08,0.005,yes,yes
q_0_political_views_answer,Conservative,Very liberal,0.2809917355371901,0.32954545454545453,0.2867637932984193,0.005,no,no
q_0_political_views_answer,Liberal,Moderate,0.32644628099173556,0.3878787878787879,0.4610577620098417,0.005,no,no
q_0_political_views_answer,Liberal,Very conservative,0.32644628099173556,0.7575757575757576,8.461066769230748e-06,0.005,yes,yes
q_0_political_views_answer,Liberal,Very liberal,0.32644628099173556,0.32954545454545453,0.872728183251058,0.005,no,no
q_0_political_views_answer,Moderate,Very conservative,0.3878787878787879,0.7575757575757576,0.00024873847011766873,0.005,yes,yes
q_0_political_views_answer,Very liberal,Moderate,0.32954545454545453,0.3878787878787879,0.6551667347857905,0.005,no,no
q_0_political_views_answer,Very liberal,Very conservative,0.32954545454545453,0.7575757575757576,0.000253722616538789,0.005,yes,yes
q_0_consideration_answer,Independent,Democrat,0.2437137330754352,0.36462450592885376,0.13223331128748556,0.008333333333333333,no,no
q_0_consideration_answer,Democrat,Republican,0.36462450592885376,0.5661881977671451,0.0010673409114718155,0.008333333333333333,yes,yes
q_0_consideration_answer,Something else,Democrat,-0.06818181818181818,0.36462450592885376,0.012528084492910919,0.008333333333333333,yes,no
q_0_consideration_answer,Independent,Republican,0.2437137330754352,0.5661881977671451,6.128379843745748e-05,0.008333333333333333,yes,yes
q_0_consideration_answer,Something else,Independent,-0.06818181818181818,0.2437137330754352,0.08306689549051366,0.008333333333333333,no,no
q_0_consideration_answer,Something else,Republican,-0.06818181818181818,0.5661881977671451,0.0002384165378303966,0.008333333333333333,yes,yes
q_0_southern_border_answer,Disagree,Agree,0.25573491928632114,0.5568181818181818,9.116608807959092e-06,0.016666666666666666,yes,yes
q_0_southern_border_answer,No opinion either way,Agree,0.3916083916083916,0.5568181818181818,0.17482818493838947,0.016666666666666666,no,no
q_0_southern_border_answer,Disagree,No opinion either way,0.25573491928632114,0.3916083916083916,0.33412226953682267,0.016666666666666666,no,no
q_0_environment_answer,Disagree,Agree,0.1717171717171717,0.41711229946524064,0.026183276830075156,0.016666666666666666,yes,no
q_0_environment_answer,No opinion either way,Agree,0.25,0.41711229946524064,0.03393992899060548,0.016666666666666666,yes,no
q_0_environment_answer,Disagree,No opinion either way,0.1717171717171717,0.25,0.9287533967045585,0.016666666666666666,no,no
q_1_farmers_value,correct value,wrong value,0.27090909090909093,0.4990909090909091,9.365491478783117e-05,0.05,yes,yes
q_2_marks_value,correct value,wrong value,0.25577812018489987,0.43907156673114117,0.006167377160615501,0.05,yes,yes
q_3_athletics_value,correct value,wrong value,0.37662337662337664,0.3902439024390244,0.7537623079794146,0.05,no,no
doc_index,1.0,0.0,0.36,0.46,0.375880926828007,0.0009090909090909091,no,no
doc_index,0.0,2.0,0.46,0.505,0.7369595136354303,0.0009090909090909091,no,no
doc_index,3.0,0.0,0.36,0.46,0.4856934867548044,0.0009090909090909091,no,no
doc_index,4.0,0.0,0.215,0.46,0.06164498714748028,0.0009090909090909091,no,no
doc_index,5.0,0.0,0.23,0.46,0.08662224010607353,0.0009090909090909091,no,no
doc_index,6.0,0.0,0.39,0.46,0.740644359434179,0.0009090909090909091,no,no
doc_index,7.0,0.0,0.45,0.46,0.9903801294132659,0.0009090909090909091,no,no
doc_index,0.0,8.0,0.46,0.495,0.8411231278394065,0.0009090909090909091,no,no
doc_index,0.0,9.0,0.46,0.475,0.9661974016726707,0.0009090909090909091,no,no
doc_index,10.0,0.0,0.295,0.46,0.17291956997270796,0.0009090909090909091,no,no
doc_index,1.0,2.0,0.36,0.505,0.21687766421054744,0.0009090909090909091,no,no
doc_index,1.0,3.0,0.36,0.36,0.8901103640834263,0.0009090909090909091,no,no
doc_index,4.0,1.0,0.215,0.36,0.2940529156488897,0.0009090909090909091,no,no
doc_index,5.0,1.0,0.23,0.36,0.37210836584829066,0.0009090909090909091,no,no
doc_index,1.0,6.0,0.36,0.39,0.6271695152009371,0.0009090909090909091,no,no
doc_index,1.0,7.0,0.36,0.45,0.39761814342550184,0.0009090909090909091,no,no
doc_index,1.0,8.0,0.36,0.495,0.29125244200836164,0.0009090909090909091,no,no
doc_index,1.0,9.0,0.36,0.475,0.374590210114232,0.0009090909090909091,no,no
doc_index,10.0,1.0,0.295,0.36,0.597072062873811,0.0009090909090909091,no,no
doc_index,3.0,2.0,0.36,0.505,0.30249192981587425,0.0009090909090909091,no,no
doc_index,4.0,2.0,0.215,0.505,0.027252576999708854,0.0009090909090909091,yes,no
doc_index,5.0,2.0,0.23,0.505,0.04081826735435195,0.0009090909090909091,yes,no
doc_index,6.0,2.0,0.39,0.505,0.51631045434142,0.0009090909090909091,no,no
doc_index,7.0,2.0,0.45,0.505,0.7294108581198713,0.0009090909090909091,no,no
doc_index,8.0,2.0,0.495,0.505,0.8676470991916654,0.0009090909090909091,no,no
doc_index,9.0,2.0,0.475,0.505,0.7431041583542077,0.0009090909090909091,no,no
doc_index,10.0,2.0,0.295,0.505,0.08441418151015348,0.0009090909090909091,no,no
doc_index,4.0,3.0,0.215,0.36,0.25886890335792434,0.0009090909090909091,no,no
doc_index,5.0,3.0,0.23,0.36,0.32630929804883724,0.0009090909090909091,no,no
doc_index,3.0,6.0,0.36,0.39,0.74404874973287,0.0009090909090909091,no,no
doc_index,3.0,7.0,0.36,0.45,0.5037952222486726,0.0009090909090909091,no,no
doc_index,3.0,8.0,0.36,0.495,0.3753606237646251,0.0009090909090909091,no,no
doc_index,3.0,9.0,0.36,0.475,0.4640266278620503,0.0009090909090909091,no,no
doc_index,10.0,3.0,0.295,0.36,0.5335705915991582,0.0009090909090909091,no,no
doc_index,4.0,5.0,0.215,0.23,0.8916406338054393,0.0009090909090909091,no,no
doc_index,4.0,6.0,0.215,0.39,0.1546601827152249,0.0009090909090909091,no,no
doc_index,4.0,7.0,0.215,0.45,0.06972704797881722,0.0009090909090909091,no,no
doc_index,4.0,8.0,0.215,0.495,0.038548098056233486,0.0009090909090909091,yes,no
doc_index,4.0,9.0,0.215,0.475,0.05610428952239872,0.0009090909090909091,no,no
doc_index,4.0,10.0,0.215,0.295,0.5877269381934866,0.0009090909090909091,no,no
doc_index,5.0,6.0,0.23,0.39,0.1989228690362822,0.0009090909090909091,no,no
doc_index,5.0,7.0,0.23,0.45,0.09704199122025124,0.0009090909090909091,no,no
doc_index,5.0,8.0,0.23,0.495,0.05820941617089962,0.0009090909090909091,no,no
doc_index,5.0,9.0,0.23,0.475,0.08283512024686157,0.0009090909090909091,no,no
doc_index,5.0,10.0,0.23,0.295,0.7002189086784616,0.0009090909090909091,no,no
doc_index,6.0,7.0,0.39,0.45,0.7511183534959512,0.0009090909090909091,no,no
doc_index,6.0,8.0,0.39,0.495,0.5812694170953223,0.0009090909090909091,no,no
doc_index,6.0,9.0,0.39,0.475,0.6844924652544351,0.0009090909090909091,no,no
doc_index,10.0,6.0,0.295,0.39,0.35577068976562,0.0009090909090909091,no,no
doc_index,7.0,8.0,0.45,0.495,0.8372109813945292,0.0009090909090909091,no,no
doc_index,7.0,9.0,0.45,0.475,0.9584339249454334,0.0009090909090909091,no,no
doc_index,10.0,7.0,0.295,0.45,0.18756395129025916,0.0009090909090909091,no,no
doc_index,9.0,8.0,0.475,0.495,0.8817144116184412,0.0009090909090909091,no,no
doc_index,10.0,8.0,0.295,0.495,0.12146552074136144,0.0009090909090909091,no,no
doc_index,10.0,9.0,0.295,0.475,0.16447560276816475,0.0009090909090909091,no,no
doc_name,DEM,HIGH,0.5716666666666667,1.505,8.534990478846925e-25,0.0033333333333333335,yes,yes
doc_name,LOW,DEM,-1.195,0.5716666666666667,1.014378493084771e-49,0.0033333333333333335,yes,yes
doc_name,Labor,DEM,0.4318936877076412,0.5716666666666667,0.06015721542470269,0.0033333333333333335,no,no
doc_name,Liberal,DEM,0.391304347826087,0.5716666666666667,0.025129679241623064,0.0033333333333333335,yes,no
doc_name,REP,DEM,0.325,0.5716666666666667,0.00020724640016656708,0.0033333333333333335,yes,yes
doc_name,LOW,HIGH,-1.195,1.505,2.876654909273973e-60,0.0033333333333333335,yes,yes
doc_name,Labor,HIGH,0.4318936877076412,1.505,3.123959255448751e-26,0.0033333333333333335,yes,yes
doc_name,Liberal,HIGH,0.391304347826087,1.505,1.1405378339888503e-26,0.0033333333333333335,yes,yes
doc_name,REP,HIGH,0.325,1.505,1.1189920358258726e-35,0.0033333333333333335,yes,yes
doc_name,LOW,Labor,-1.195,0.4318936877076412,2.0663333766161554e-36,0.0033333333333333335,yes,yes
doc_name,LOW,Liberal,-1.195,0.391304347826087,1.165251417832393e-34,0.0033333333333333335,yes,yes
doc_name,LOW,REP,-1.195,0.325,1.6890657049264669e-40,0.0033333333333333335,yes,yes
doc_name,Liberal,Labor,0.391304347826087,0.4318936877076412,0.7223451969906451,0.0033333333333333335,no,no
doc_name,REP,Labor,0.325,0.4318936877076412,0.22647011937788297,0.0033333333333333335,no,no
doc_name,REP,Liberal,0.325,0.391304347826087,0.43315054197540637,0.0033333333333333335,no,no
doc_date,2006.0,2007.0,-1.195,1.0666666666666667,2.577391367129499e-15,0.0011111111111111111,yes,yes
doc_date,2006.0,2008.0,-1.195,1.2692307692307692,6.2194578588690774e-59,0.0011111111111111111,yes,yes
doc_date,2006.0,2009.0,-1.195,0.65,9.347106865820064e-14,0.0011111111111111111,yes,yes
doc_date,2006.0,2010.0,-1.195,0.46,6.681380792078215e-28,0.0011111111111111111,yes,yes
doc_date,2006.0,2011.0,-1.195,0.4925925925925926,5.567845845819723e-38,0.0011111111111111111,yes,yes
doc_date,2006.0,2012.0,-1.195,0.38620689655172413,1.3785000981800505e-33,0.0011111111111111111,yes,yes
doc_date,2006.0,2013.0,-1.195,0.425,2.8494647808947155e-44,0.0011111111111111111,yes,yes
doc_date,2006.0,2014.0,-1.195,0.2875,4.515834310756911e-28,0.0011111111111111111,yes,yes
doc_date,2006.0,2015.0,-1.195,0.5,1.11528461012702e-25,0.0011111111111111111,yes,yes
doc_date,2007.0,2008.0,1.0666666666666667,1.2692307692307692,0.11049731788098499,0.0011111111111111111,no,no
doc_date,2009.0,2007.0,0.65,1.0666666666666667,0.2655720168358823,0.0011111111111111111,no,no
doc_date,2010.0,2007.0,0.46,1.0666666666666667,0.004934702145621015,0.0011111111111111111,yes,no
doc_date,2011.0,2007.0,0.4925925925925926,1.0666666666666667,0.004433331444762092,0.0011111111111111111,yes,no
doc_date,2012.0,2007.0,0.38620689655172413,1.0666666666666667,0.003053856214577416,0.0011111111111111111,yes,no
doc_date,2013.0,2007.0,0.425,1.0666666666666667,0.002629067786057414,0.0011111111111111111,yes,no
doc_date,2014.0,2007.0,0.2875,1.0666666666666667,0.0010211129221673384,0.0011111111111111111,yes,yes
doc_date,2015.0,2007.0,0.5,1.0666666666666667,0.0141588080220819,0.0011111111111111111,yes,no
doc_date,2009.0,2008.0,0.65,1.2692307692307692,0.002715257495027892,0.0011111111111111111,yes,no
doc_date,2010.0,2008.0,0.46,1.2692307692307692,1.1189054385826231e-13,0.0011111111111111111,yes,yes
doc_date,2011.0,2008.0,0.4925925925925926,1.2692307692307692,9.254470845413251e-18,0.0011111111111111111,yes,yes
doc_date,2012.0,2008.0,0.38620689655172413,1.2692307692307692,5.115121570052546e-19,0.0011111111111111111,yes,yes
doc_date,2013.0,2008.0,0.425,1.2692307692307692,3.786878329642943e-24,0.0011111111111111111,yes,yes
doc_date,2014.0,2008.0,0.2875,1.2692307692307692,3.256202226435485e-20,0.0011111111111111111,yes,yes
doc_date,2015.0,2008.0,0.5,1.2692307692307692,1.3413511570126686e-10,0.0011111111111111111,yes,yes
doc_date,2010.0,2009.0,0.46,0.65,0.26629508924068934,0.0011111111111111111,no,no
doc_date,2011.0,2009.0,0.4925925925925926,0.65,0.2833105134909858,0.0011111111111111111,no,no
doc_date,2012.0,2009.0,0.38620689655172413,0.65,0.16978906595811105,0.0011111111111111111,no,no
doc_date,2013.0,2009.0,0.425,0.65,0.18855559751269058,0.0011111111111111111,no,no
doc_date,2014.0,2009.0,0.2875,0.65,0.07927237239539991,0.0011111111111111111,no,no
doc_date,2015.0,2009.0,0.5,0.65,0.3902920753482124,0.0011111111111111111,no,no
doc_date,2010.0,2011.0,0.46,0.4925925925925926,0.8211766750203063,0.0011111111111111111,no,no
doc_date,2012.0,2010.0,0.38620689655172413,0.46,0.6788777760358892,0.0011111111111111111,no,no
doc_date,2013.0,2010.0,0.425,0.46,0.8485581895282668,0.0011111111111111111,no,no
doc_date,2014.0,2010.0,0.2875,0.46,0.2763372364599084,0.0011111111111111111,no,no
doc_date,2010.0,2015.0,0.46,0.5,0.780334084429763,0.0011111111111111111,no,no
doc_date,2012.0,2011.0,0.38620689655172413,0.4925925925925926,0.44675700253518547,0.0011111111111111111,no,no
doc_date,2013.0,2011.0,0.425,0.4925925925925926,0.582044304650243,0.0011111111111111111,no,no
doc_date,2014.0,2011.0,0.2875,0.4925925925925926,0.12184553974788385,0.0011111111111111111,no,no
doc_date,2011.0,2015.0,0.4925925925925926,0.5,0.9076475249546214,0.0011111111111111111,no,no
doc_date,2012.0,2013.0,0.38620689655172413,0.425,0.7405582263680244,0.0011111111111111111,no,no
doc_date,2014.0,2012.0,0.2875,0.38620689655172413,0.41539496441758295,0.0011111111111111111,no,no
doc_date,2012.0,2015.0,0.38620689655172413,0.5,0.47945438020374953,0.0011111111111111111,no,no
doc_date,2014.0,2013.0,0.2875,0.425,0.2116298820279996,0.0011111111111111111,no,no
doc_date,2013.0,2015.0,0.425,0.5,0.5955735753410012,0.0011111111111111111,no,no
doc_date,2014.0,2015.0,0.2875,0.5,0.18445915138626012,0.0011111111111111111,no,no
doc_source,gold_question,abc,0.15211970074812967,0.4116666666666667,0.15152986712103506,0.016666666666666666,no,no
doc_source,abc,politifact,0.4116666666666667,0.44954128440366975,0.4423789340550065,0.016666666666666666,no,no
doc_source,gold_question,politifact,0.15211970074812967,0.44954128440366975,0.03882318121644255,0.016666666666666666,yes,no
doc_accesses,1.0,2.0,0.3689864549276039,0.75,0.045781276471607145,0.016666666666666666,yes,no
doc_accesses,1.0,3.0,0.3689864549276039,1.4210526315789473,0.0001147543125070711,0.016666666666666666,yes,yes
doc_accesses,2.0,3.0,0.75,1.4210526315789473,0.024301282295485914,0.016666666666666666,yes,no
query_amount,2.0,1.0,0.32646048109965636,0.4533176746917205,0.16392312474748472,0.0009090909090909091,no,no
query_amount,3.0,1.0,-0.15151515151515152,0.4533176746917205,1.1993494832973642e-05,0.0009090909090909091,yes,yes
query_amount,4.0,1.0,0.021739130434782608,0.4533176746917205,0.007604790181793273,0.0009090909090909091,yes,no
query_amount,5.0,1.0,0.09090909090909091,0.4533176746917205,0.25878421623375936,0.0009090909090909091,no,no
query_amount,6.0,1.0,-0.5714285714285714,0.4533176746917205,0.04280317677977148,0.0009090909090909091,yes,no
query_amount,7.0,1.0,-1.0,0.4533176746917205,0.04729438869686018,0.0009090909090909091,yes,no
query_amount,8.0,1.0,-1.6666666666666667,0.4533176746917205,0.012471937558269362,0.0009090909090909091,yes,no
query_amount,9.0,1.0,-2.0,0.4533176746917205,0.11401020694082067,0.0009090909090909091,no,no
query_amount,10.0,1.0,0.0,0.4533176746917205,0.5565599953201907,0.0009090909090909091,no,no
query_amount,11.0,1.0,0.0,0.4533176746917205,0.5565599953201907,0.0009090909090909091,no,no
query_amount,3.0,2.0,-0.15151515151515152,0.32646048109965636,0.002220708820809406,0.0009090909090909091,yes,no
query_amount,4.0,2.0,0.021739130434782608,0.32646048109965636,0.059713088620018354,0.0009090909090909091,no,no
query_amount,5.0,2.0,0.09090909090909091,0.32646048109965636,0.4927230579311669,0.0009090909090909091,no,no
query_amount,6.0,2.0,-0.5714285714285714,0.32646048109965636,0.08217688575745011,0.0009090909090909091,no,no
query_amount,7.0,2.0,-1.0,0.32646048109965636,0.07413862018887948,0.0009090909090909091,no,no
query_amount,8.0,2.0,-1.6666666666666667,0.32646048109965636,0.020080989891262606,0.0009090909090909091,yes,no
query_amount,9.0,2.0,-2.0,0.32646048109965636,0.13308817487671656,0.0009090909090909091,no,no
query_amount,10.0,2.0,0.0,0.32646048109965636,0.6382201051737153,0.0009090909090909091,no,no
query_amount,11.0,2.0,0.0,0.32646048109965636,0.6382201051737153,0.0009090909090909091,no,no
query_amount,3.0,4.0,-0.15151515151515152,0.021739130434782608,0.4058421568814765,0.0009090909090909091,no,no
query_amount,3.0,5.0,-0.15151515151515152,0.09090909090909091,0.470919105079434,0.0009090909090909091,no,no
query_amount,6.0,3.0,-0.5714285714285714,-0.15151515151515152,0.4427256717505389,0.0009090909090909091,no,no
query_amount,7.0,3.0,-1.0,-0.15151515151515152,0.21526336519423472,0.0009090909090909091,no,no
query_amount,8.0,3.0,-1.6666666666666667,-0.15151515151515152,0.05187920578022182,0.0009090909090909091,no,no
query_amount,9.0,3.0,-2.0,-0.15151515151515152,0.1672535358140349,0.0009090909090909091,no,no
query_amount,3.0,10.0,-0.15151515151515152,0.0,0.8873568601084697,0.0009090909090909091,no,no
query_amount,3.0,11.0,-0.15151515151515152,0.0,0.8873568601084697,0.0009090909090909091,no,no
query_amount,4.0,5.0,0.021739130434782608,0.09090909090909091,0.8028033534844613,0.0009090909090909091,no,no
query_amount,6.0,4.0,-0.5714285714285714,0.021739130434782608,0.24557404935930405,0.0009090909090909091,no,no
query_amount,7.0,4.0,-1.0,0.021739130434782608,0.13688476456507434,0.0009090909090909091,no,no
query_amount,8.0,4.0,-1.6666666666666667,0.021739130434782608,0.020327915036516597,0.0009090909090909091,yes,no
query_amount,9.0,4.0,-2.0,0.021739130434782608,0.13339422643532126,0.0009090909090909091,no,no
query_amount,10.0,4.0,0.0,0.021739130434782608,0.9076528478065873,0.0009090909090909091,no,no
query_amount,11.0,4.0,0.0,0.021739130434782608,0.9076528478065873,0.0009090909090909091,no,no
query_amount,6.0,5.0,-0.5714285714285714,0.09090909090909091,0.2972879465335092,0.0009090909090909091,no,no
query_amount,7.0,5.0,-1.0,0.09090909090909091,0.17871405219420844,0.0009090909090909091,no,no
query_amount,8.0,5.0,-1.6666666666666667,0.09090909090909091,0.059911853870389595,0.0009090909090909091,no,no
query_amount,9.0,5.0,-2.0,0.09090909090909091,0.19057791748741393,0.0009090909090909091,no,no
query_amount,10.0,5.0,0.0,0.09090909090909091,1.0,0.0009090909090909091,no,no
query_amount,11.0,5.0,0.0,0.09090909090909091,1.0,0.0009090909090909091,no,no
query_amount,7.0,6.0,-1.0,-0.5714285714285714,0.6219726979512934,0.0009090909090909091,no,no
query_amount,8.0,6.0,-1.6666666666666667,-0.5714285714285714,0.23199772362873405,0.0009090909090909091,no,no
query_amount,9.0,6.0,-2.0,-0.5714285714285714,0.36503027183830405,0.0009090909090909091,no,no
query_amount,6.0,10.0,-0.5714285714285714,0.0,0.8230632737581215,0.0009090909090909091,no,no
query_amount,6.0,11.0,-0.5714285714285714,0.0,0.8230632737581215,0.0009090909090909091,no,no
query_amount,8.0,7.0,-1.6666666666666667,-1.0,0.693281817504481,0.0009090909090909091,no,no
query_amount,9.0,7.0,-2.0,-1.0,0.6926327840419602,0.0009090909090909091,no,no
query_amount,7.0,10.0,-1.0,0.0,0.7168005169944945,0.0009090909090909091,no,no
query_amount,7.0,11.0,-1.0,0.0,0.7168005169944945,0.0009090909090909091,no,no
query_amount,9.0,8.0,-2.0,-1.6666666666666667,1.0,0.0009090909090909091,no,no
query_amount,8.0,10.0,-1.6666666666666667,0.0,0.3457785861511603,0.0009090909090909091,no,no
query_amount,8.0,11.0,-1.6666666666666667,0.0,0.3457785861511603,0.0009090909090909091,no,no
query_amount,9.0,10.0,-2.0,0.0,1.0,0.0009090909090909091,no,no
query_amount,9.0,11.0,-2.0,0.0,1.0,0.0009090909090909091,no,no
query_amount,10.0,11.0,0.0,0.0,1.0,0.0009090909090909091,no,no
response_position,1.0,2.0,0.4093567251461988,0.5089686098654709,0.34534506028936074,0.00015384615384615385,no,no
response_position,3.0,1.0,0.35135135135135137,0.4093567251461988,0.36244730942102643,0.00015384615384615385,no,no
response_position,4.0,1.0,0.3592814371257485,0.4093567251461988,0.46062794900172543,0.00015384615384615385,no,no
response_position,1.0,5.0,0.4093567251461988,0.4576271186440678,0.9954138353421843,0.00015384615384615385,no,no
response_position,1.0,6.0,0.4093567251461988,0.5051546391752577,0.39820259891018916,0.00015384615384615385,no,no
response_position,7.0,1.0,-0.014285714285714285,0.4093567251461988,0.014279721012580918,0.00015384615384615385,yes,no
response_position,8.0,1.0,0.2916666666666667,0.4093567251461988,0.44670643113543496,0.00015384615384615385,no,no
response_position,9.0,1.0,0.0,0.4093567251461988,0.02047232947519245,0.00015384615384615385,yes,no
response_position,10.0,1.0,0.08888888888888889,0.4093567251461988,0.08207153302107362,0.00015384615384615385,no,no
response_position,11.0,1.0,-1.0,0.4093567251461988,0.016020573766578512,0.00015384615384615385,yes,no
response_position,12.0,1.0,0.0,0.4093567251461988,0.47254545716173935,0.00015384615384615385,no,no
response_position,13.0,1.0,-1.3333333333333333,0.4093567251461988,0.03993597734070215,0.00015384615384615385,yes,no
response_position,1.0,15.0,0.4093567251461988,1.0,0.7206751432998064,0.00015384615384615385,no,no
response_position,1.0,16.0,0.4093567251461988,1.0,0.7206751432998064,0.00015384615384615385,no,no
response_position,1.0,17.0,0.4093567251461988,1.0,0.6122557968273517,0.00015384615384615385,no,no
response_position,20.0,1.0,0.0,0.4093567251461988,0.47254545716173935,0.00015384615384615385,no,no
response_position,1.0,21.0,0.4093567251461988,2.0,0.19102066378482752,0.00015384615384615385,no,no
response_position,1.0,22.0,0.4093567251461988,1.0,0.7206751432998064,0.00015384615384615385,no,no
response_position,24.0,1.0,-1.0,0.4093567251461988,0.2779136075970903,0.00015384615384615385,no,no
response_position,25.0,1.0,0.0,0.4093567251461988,0.6081797963890114,0.00015384615384615385,no,no
response_position,29.0,1.0,0.0,0.4093567251461988,0.6120097136428257,0.00015384615384615385,no,no
response_position,31.0,1.0,-1.0,0.4093567251461988,0.2779136075970903,0.00015384615384615385,no,no
response_position,1.0,32.0,0.4093567251461988,2.0,0.19102066378482752,0.00015384615384615385,no,no
response_position,43.0,1.0,-2.0,0.4093567251461988,0.12708463075896154,0.00015384615384615385,no,no
response_position,44.0,1.0,-2.0,0.4093567251461988,0.12708463075896154,0.00015384615384615385,no,no
response_position,3.0,2.0,0.35135135135135137,0.5089686098654709,0.09612071407690014,0.00015384615384615385,no,no
response_position,4.0,2.0,0.3592814371257485,0.5089686098654709,0.15698171449814285,0.00015384615384615385,no,no
response_position,5.0,2.0,0.4576271186440678,0.5089686098654709,0.5296321220061453,0.00015384615384615385,no,no
response_position,6.0,2.0,0.5051546391752577,0.5089686098654709,0.6664642408026678,0.00015384615384615385,no,no
response_position,7.0,2.0,-0.014285714285714285,0.5089686098654709,0.00324965141165042,0.00015384615384615385,yes,no
response_position,8.0,2.0,0.2916666666666667,0.5089686098654709,0.23032802701922261,0.00015384615384615385,no,no
response_position,9.0,2.0,0.0,0.5089686098654709,0.003984093435377148,0.00015384615384615385,yes,no
response_position,10.0,2.0,0.08888888888888889,0.5089686098654709,0.025916974594694886,0.00015384615384615385,yes,no
response_position,11.0,2.0,-1.0,0.5089686098654709,0.008330660030748177,0.00015384615384615385,yes,no
response_position,12.0,2.0,0.0,0.5089686098654709,0.34736439622638715,0.00015384615384615385,no,no
response_position,13.0,2.0,-1.3333333333333333,0.5089686098654709,0.023727851881932046,0.00015384615384615385,yes,no
response_position,2.0,15.0,0.5089686098654709,1.0,0.7537653623458076,0.00015384615384615385,no,no
response_position,2.0,16.0,0.5089686098654709,1.0,0.7537653623458076,0.00015384615384615385,no,no
response_position,2.0,17.0,0.5089686098654709,1.0,0.6555527397554042,0.00015384615384615385,no,no
response_position,20.0,2.0,0.0,0.5089686098654709,0.34736439622638715,0.00015384615384615385,no,no
response_position,2.0,21.0,0.5089686098654709,2.0,0.16667271204690148,0.00015384615384615385,no,no
response_position,2.0,22.0,0.5089686098654709,1.0,0.7537653623458076,0.00015384615384615385,no,no
response_position,24.0,2.0,-1.0,0.5089686098654709,0.22018494226807706,0.00015384615384615385,no,no
response_position,25.0,2.0,0.0,0.5089686098654709,0.5209875631920042,0.00015384615384615385,no,no
response_position,29.0,2.0,0.0,0.5089686098654709,0.5071387864432884,0.00015384615384615385,no,no
response_position,31.0,2.0,-1.0,0.5089686098654709,0.22018494226807706,0.00015384615384615385,no,no
response_position,2.0,32.0,0.5089686098654709,2.0,0.16667271204690148,0.00015384615384615385,no,no
response_position,43.0,2.0,-2.0,0.5089686098654709,0.10353416601487028,0.00015384615384615385,no,no
response_position,44.0,2.0,-2.0,0.5089686098654709,0.10353416601487028,0.00015384615384615385,no,no
response_position,3.0,4.0,0.35135135135135137,0.3592814371257485,0.9572401718239266,0.00015384615384615385,no,no
response_position,3.0,5.0,0.35135135135135137,0.4576271186440678,0.5045148257831592,0.00015384615384615385,no,no
response_position,3.0,6.0,0.35135135135135137,0.5051546391752577,0.16429855463953924,0.00015384615384615385,no,no
response_position,7.0,3.0,-0.014285714285714285,0.35135135135135137,0.054445500304692036,0.00015384615384615385,no,no
response_position,8.0,3.0,0.2916666666666667,0.35135135135135137,0.7510869238892329,0.00015384615384615385,no,no
response_position,9.0,3.0,0.0,0.35135135135135137,0.055575452324305274,0.00015384615384615385,no,no
response_position,10.0,3.0,0.08888888888888889,0.35135135135135137,0.19085553177868797,0.00015384615384615385,no,no
response_position,11.0,3.0,-1.0,0.35135135135135137,0.016344912220858866,0.00015384615384615385,yes,no
response_position,12.0,3.0,0.0,0.35135135135135137,0.5010338597796512,0.00015384615384615385,no,no
response_position,13.0,3.0,-1.3333333333333333,0.35135135135135137,0.03844853979712265,0.00015384615384615385,yes,no
response_position,3.0,15.0,0.35135135135135137,1.0,0.6213223637606088,0.00015384615384615385,no,no
response_position,3.0,16.0,0.35135135135135137,1.0,0.6213223637606088,0.00015384615384615385,no,no
response_position,3.0,17.0,0.35135135135135137,1.0,0.48249768280330574,0.00015384615384615385,no,no
response_position,20.0,3.0,0.0,0.35135135135135137,0.5010338597796512,0.00015384615384615385,no,no
response_position,3.0,21.0,0.35135135135135137,2.0,0.15771292824847627,0.00015384615384615385,no,no
response_position,3.0,22.0,0.35135135135135137,1.0,0.6213223637606088,0.00015384615384615385,no,no
response_position,24.0,3.0,-1.0,0.35135135135135137,0.2636804946171769,0.00015384615384615385,no,no
response_position,25.0,3.0,0.0,0.35135135135135137,0.6630713521477188,0.00015384615384615385,no,no
response_position,29.0,3.0,0.0,0.35135135135135137,0.6360240045480217,0.00015384615384615385,no,no
response_position,31.0,3.0,-1.0,0.35135135135135137,0.2636804946171769,0.00015384615384615385,no,no
response_position,3.0,32.0,0.35135135135135137,2.0,0.15771292824847627,0.00015384615384615385,no,no
response_position,43.0,3.0,-2.0,0.35135135135135137,0.11957000148844106,0.00015384615384615385,no,no
response_position,44.0,3.0,-2.0,0.35135135135135137,0.11957000148844106,0.00015384615384615385,no,no
response_position,4.0,5.0,0.3592814371257485,0.4576271186440678,0.5680983864357636,0.00015384615384615385,no,no
response_position,4.0,6.0,0.3592814371257485,0.5051546391752577,0.18736900825069513,0.00015384615384615385,no,no
response_position,7.0,4.0,-0.014285714285714285,0.3592814371257485,0.06335040354465007,0.00015384615384615385,no,no
response_position,8.0,4.0,0.2916666666666667,0.3592814371257485,0.7356663077313259,0.00015384615384615385,no,no
response_position,9.0,4.0,0.0,0.3592814371257485,0.05353933576079267,0.00015384615384615385,no,no
response_position,10.0,4.0,0.08888888888888889,0.3592814371257485,0.18674445062374423,0.00015384615384615385,no,no
response_position,11.0,4.0,-1.0,0.3592814371257485,0.015932612118817503,0.00015384615384615385,yes,no
response_position,12.0,4.0,0.0,0.3592814371257485,0.46582454346072344,0.00015384615384615385,no,no
response_position,13.0,4.0,-1.3333333333333333,0.3592814371257485,0.03539116880441247,0.00015384615384615385,yes,no
response_position,4.0,15.0,0.3592814371257485,1.0,0.62341910608024,0.00015384615384615385,no,no
response_position,4.0,16.0,0.3592814371257485,1.0,0.62341910608024,0.00015384615384615385,no,no
response_position,4.0,17.0,0.3592814371257485,1.0,0.48373251049700094,0.00015384615384615385,no,no
response_position,20.0,4.0,0.0,0.3592814371257485,0.46582454346072344,0.00015384615384615385,no,no
response_position,4.0,21.0,0.3592814371257485,2.0,0.146963494372866,0.00015384615384615385,no,no
response_position,4.0,22.0,0.3592814371257485,1.0,0.62341910608024,0.00015384615384615385,no,no
response_position,24.0,4.0,-1.0,0.3592814371257485,0.25837067583274487,0.00015384615384615385,no,no
response_position,25.0,4.0,0.0,0.3592814371257485,0.6571877147355469,0.00015384615384615385,no,no
response_position,29.0,4.0,0.0,0.3592814371257485,0.6086827361567562,0.00015384615384615385,no,no
response_position,31.0,4.0,-1.0,0.3592814371257485,0.25837067583274487,0.00015384615384615385,no,no
response_position,4.0,32.0,0.3592814371257485,2.0,0.146963494372866,0.00015384615384615385,no,no
response_position,43.0,4.0,-2.0,0.3592814371257485,0.11703148541804428,0.00015384615384615385,no,no
response_position,44.0,4.0,-2.0,0.3592814371257485,0.11703148541804428,0.00015384615384615385,no,no
response_position,5.0,6.0,0.4576271186440678,0.5051546391752577,0.3917949743495568,0.00015384615384615385,no,no
response_position,7.0,5.0,-0.014285714285714285,0.4576271186440678,0.026847747262814484,0.00015384615384615385,yes,no
response_position,8.0,5.0,0.2916666666666667,0.4576271186440678,0.4591417886195279,0.00015384615384615385,no,no
response_position,9.0,5.0,0.0,0.4576271186440678,0.018391344952560965,0.00015384615384615385,yes,no
response_position,10.0,5.0,0.08888888888888889,0.4576271186440678,0.08798577498213554,0.00015384615384615385,no,no
response_position,11.0,5.0,-1.0,0.4576271186440678,0.010753816413279771,0.00015384615384615385,yes,no
response_position,12.0,5.0,0.0,0.4576271186440678,0.35278905531068994,0.00015384615384615385,no,no
response_position,13.0,5.0,-1.3333333333333333,0.4576271186440678,0.025852358984078855,0.00015384615384615385,yes,no
response_position,5.0,15.0,0.4576271186440678,1.0,0.6595514699803438,0.00015384615384615385,no,no
response_position,5.0,16.0,0.4576271186440678,1.0,0.6595514699803438,0.00015384615384615385,no,no
response_position,5.0,17.0,0.4576271186440678,1.0,0.5275346795927098,0.00015384615384615385,no,no
response_position,20.0,5.0,0.0,0.4576271186440678,0.35278905531068994,0.00015384615384615385,no,no
response_position,5.0,21.0,0.4576271186440678,2.0,0.14541563899366972,0.00015384615384615385,no,no
response_position,5.0,22.0,0.4576271186440678,1.0,0.6595514699803438,0.00015384615384615385,no,no
response_position,24.0,5.0,-1.0,0.4576271186440678,0.20825100970370813,0.00015384615384615385,no,no
response_position,25.0,5.0,0.0,0.4576271186440678,0.5711220438186394,0.00015384615384615385,no,no
response_position,29.0,5.0,0.0,0.4576271186440678,0.514175374802393,0.00015384615384615385,no,no
response_position,31.0,5.0,-1.0,0.4576271186440678,0.20825100970370813,0.00015384615384615385,no,no
response_position,5.0,32.0,0.4576271186440678,2.0,0.14541563899366972,0.00015384615384615385,no,no
response_position,43.0,5.0,-2.0,0.4576271186440678,0.10804070195097071,0.00015384615384615385,no,no
response_position,44.0,5.0,-2.0,0.4576271186440678,0.10804070195097071,0.00015384615384615385,no,no
response_position,7.0,6.0,-0.014285714285714285,0.5051546391752577,0.016686425010128195,0.00015384615384615385,yes,no
response_position,8.0,6.0,0.2916666666666667,0.5051546391752577,0.23124859865654446,0.00015384615384615385,no,no
response_position,9.0,6.0,0.0,0.5051546391752577,0.011344362792047279,0.00015384615384615385,yes,no
response_position,10.0,6.0,0.08888888888888889,0.5051546391752577,0.04141253998930214,0.00015384615384615385,yes,no
response_position,11.0,6.0,-1.0,0.5051546391752577,0.018311449810282137,0.00015384615384615385,yes,no
response_position,12.0,6.0,0.0,0.5051546391752577,0.34711790393030917,0.00015384615384615385,no,no
response_position,13.0,6.0,-1.3333333333333333,0.5051546391752577,0.03647354604695833,0.00015384615384615385,yes,no
response_position,6.0,15.0,0.5051546391752577,1.0,0.883268609941706,0.00015384615384615385,no,no
response_position,6.0,16.0,0.5051546391752577,1.0,0.883268609941706,0.00015384615384615385,no,no
response_position,6.0,17.0,0.5051546391752577,1.0,0.8260889869614146,0.00015384615384615385,no,no
response_position,20.0,6.0,0.0,0.5051546391752577,0.34711790393030917,0.00015384615384615385,no,no
response_position,6.0,21.0,0.5051546391752577,2.0,0.20571401565059022,0.00015384615384615385,no,no
response_position,6.0,22.0,0.5051546391752577,1.0,0.883268609941706,0.00015384615384615385,no,no
response_position,24.0,6.0,-1.0,0.5051546391752577,0.29640677345513977,0.00015384615384615385,no,no
response_position,25.0,6.0,0.0,0.5051546391752577,0.5357990897310293,0.00015384615384615385,no,no
response_position,29.0,6.0,0.0,0.5051546391752577,0.509542467855758,0.00015384615384615385,no,no
response_position,31.0,6.0,-1.0,0.5051546391752577,0.29640677345513977,0.00015384615384615385,no,no
response_position,6.0,32.0,0.5051546391752577,2.0,0.20571401565059022,0.00015384615384615385,no,no
response_position,43.0,6.0,-2.0,0.5051546391752577,0.1377554303471278,0.00015384615384615385,no,no
response_position,44.0,6.0,-2.0,0.5051546391752577,0.1377554303471278,0.00015384615384615385,no,no
response_position,7.0,8.0,-0.014285714285714285,0.2916666666666667,0.2485447224410252,0.00015384615384615385,no,no
response_position,7.0,9.0,-0.014285714285714285,0.0,1.0,0.00015384615384615385,no,no
response_position,7.0,10.0,-0.014285714285714285,0.08888888888888889,0.7352504355063838,0.00015384615384615385,no,no
response_position,11.0,7.0,-1.0,-0.014285714285714285,0.07529330285608676,0.00015384615384615385,no,no
response_position,7.0,12.0,-0.014285714285714285,0.0,0.9859943055822035,0.00015384615384615385,no,no
response_position,13.0,7.0,-1.3333333333333333,-0.014285714285714285,0.10456490207651645,0.00015384615384615385,no,no
response_position,7.0,15.0,-0.014285714285714285,1.0,0.49884319248794495,0.00015384615384615385,no,no
response_position,7.0,16.0,-0.014285714285714285,1.0,0.49884319248794495,0.00015384615384615385,no,no
response_position,7.0,17.0,-0.014285714285714285,1.0,0.33290226313969484,0.00015384615384615385,no,no
response_position,7.0,20.0,-0.014285714285714285,0.0,0.9859943055822035,0.00015384615384615385,no,no
response_position,7.0,21.0,-0.014285714285714285,2.0,0.1467879231007581,0.00015384615384615385,no,no
response_position,7.0,22.0,-0.014285714285714285,1.0,0.49884319248794495,0.00015384615384615385,no,no
response_position,24.0,7.0,-1.0,-0.014285714285714285,0.5150886595138955,0.00015384615384615385,no,no
response_position,7.0,25.0,-0.014285714285714285,0.0,1.0,0.00015384615384615385,no,no
response_position,7.0,29.0,-0.014285714285714285,0.0,1.0,0.00015384615384615385,no,no
response_position,31.0,7.0,-1.0,-0.014285714285714285,0.5150886595138955,0.00015384615384615385,no,no
response_position,7.0,32.0,-0.014285714285714285,2.0,0.1467879231007581,0.00015384615384615385,no,no
response_position,43.0,7.0,-2.0,-0.014285714285714285,0.16114040914389927,0.00015384615384615385,no,no
response_position,44.0,7.0,-2.0,-0.014285714285714285,0.16114040914389927,0.00015384615384615385,no,no
response_position,9.0,8.0,0.0,0.2916666666666667,0.21382165163850164,0.00015384615384615385,no,no
response_position,10.0,8.0,0.08888888888888889,0.2916666666666667,0.4299968620509387,0.00015384615384615385,no,no
response_position,11.0,8.0,-1.0,0.2916666666666667,0.026739922321528484,0.00015384615384615385,yes,no
response_position,12.0,8.0,0.0,0.2916666666666667,0.5917478177909803,0.00015384615384615385,no,no
response_position,13.0,8.0,-1.3333333333333333,0.2916666666666667,0.04794306877588008,0.00015384615384615385,yes,no
response_position,8.0,15.0,0.2916666666666667,1.0,0.6083457253395717,0.00015384615384615385,no,no
response_position,8.0,16.0,0.2916666666666667,1.0,0.6083457253395717,0.00015384615384615385,no,no
response_position,8.0,17.0,0.2916666666666667,1.0,0.4563394452868653,0.00015384615384615385,no,no
response_position,20.0,8.0,0.0,0.2916666666666667,0.5917478177909803,0.00015384615384615385,no,no
response_position,8.0,21.0,0.2916666666666667,2.0,0.15474884839646158,0.00015384615384615385,no,no
response_position,8.0,22.0,0.2916666666666667,1.0,0.6083457253395717,0.00015384615384615385,no,no
response_position,24.0,8.0,-1.0,0.2916666666666667,0.3068474137882108,0.00015384615384615385,no,no
response_position,25.0,8.0,0.0,0.2916666666666667,0.7392604125176536,0.00015384615384615385,no,no
response_position,29.0,8.0,0.0,0.2916666666666667,0.7151488691249683,0.00015384615384615385,no,no
response_position,31.0,8.0,-1.0,0.2916666666666667,0.3068474137882108,0.00015384615384615385,no,no
response_position,8.0,32.0,0.2916666666666667,2.0,0.15474884839646158,0.00015384615384615385,no,no
response_position,43.0,8.0,-2.0,0.2916666666666667,0.12563577911774948,0.00015384615384615385,no,no
response_position,44.0,8.0,-2.0,0.2916666666666667,0.12563577911774948,0.00015384615384615385,no,no
response_position,9.0,10.0,0.0,0.08888888888888889,0.6501670504237878,0.00015384615384615385,no,no
response_position,11.0,9.0,-1.0,0.0,0.05194757829795023,0.00015384615384615385,no,no
response_position,9.0,12.0,0.0,0.0,0.9346228917626082,0.00015384615384615385,no,no
response_position,13.0,9.0,-1.3333333333333333,0.0,0.08235676828569834,0.00015384615384615385,no,no
response_position,9.0,15.0,0.0,1.0,0.3499155552898441,0.00015384615384615385,no,no
response_position,9.0,16.0,0.0,1.0,0.3499155552898441,0.00015384615384615385,no,no
response_position,9.0,17.0,0.0,1.0,0.18148084280457588,0.00015384615384615385,no,no
response_position,9.0,20.0,0.0,0.0,0.9346228917626082,0.00015384615384615385,no,no
response_position,9.0,21.0,0.0,2.0,0.12007950299185437,0.00015384615384615385,no,no
response_position,9.0,22.0,0.0,1.0,0.3499155552898441,0.00015384615384615385,no,no
response_position,24.0,9.0,-1.0,0.0,0.3505819407264791,0.00015384615384615385,no,no
response_position,9.0,25.0,0.0,0.0,1.0,0.00015384615384615385,no,no
response_position,9.0,29.0,0.0,0.0,0.9688887121158456,0.00015384615384615385,no,no
response_position,31.0,9.0,-1.0,0.0,0.3505819407264791,0.00015384615384615385,no,no
response_position,9.0,32.0,0.0,2.0,0.12007950299185437,0.00015384615384615385,no,no
response_position,43.0,9.0,-2.0,0.0,0.139608218462589,0.00015384615384615385,no,no
response_position,44.0,9.0,-2.0,0.0,0.139608218462589,0.00015384615384615385,no,no
response_position,11.0,10.0,-1.0,0.08888888888888889,0.052403192771781716,0.00015384615384615385,no,no
response_position,12.0,10.0,0.0,0.08888888888888889,0.7648244109269524,0.00015384615384615385,no,no
response_position,13.0,10.0,-1.3333333333333333,0.08888888888888889,0.07574649934637762,0.00015384615384615385,no,no
response_position,10.0,15.0,0.08888888888888889,1.0,0.459602876831004,0.00015384615384615385,no,no
response_position,10.0,16.0,0.08888888888888889,1.0,0.459602876831004,0.00015384615384615385,no,no
response_position,10.0,17.0,0.08888888888888889,1.0,0.28719073182970634,0.00015384615384615385,no,no
response_position,20.0,10.0,0.0,0.08888888888888889,0.7648244109269524,0.00015384615384615385,no,no
response_position,10.0,21.0,0.08888888888888889,2.0,0.13035554224820964,0.00015384615384615385,no,no
response_position,10.0,22.0,0.08888888888888889,1.0,0.459602876831004,0.00015384615384615385,no,no
response_position,24.0,10.0,-1.0,0.08888888888888889,0.3721327881834562,0.00015384615384615385,no,no
response_position,25.0,10.0,0.0,0.08888888888888889,0.9349673163990653,0.00015384615384615385,no,no
response_position,29.0,10.0,0.0,0.08888888888888889,0.845972022706877,0.00015384615384615385,no,no
response_position,31.0,10.0,-1.0,0.08888888888888889,0.3721327881834562,0.00015384615384615385,no,no
response_position,10.0,32.0,0.08888888888888889,2.0,0.13035554224820964,0.00015384615384615385,no,no
response_position,43.0,10.0,-2.0,0.08888888888888889,0.15107706081528643,0.00015384615384615385,no,no
response_position,44.0,10.0,-2.0,0.08888888888888889,0.15107706081528643,0.00015384615384615385,no,no
response_position,11.0,12.0,-1.0,0.0,0.2755961301178551,0.00015384615384615385,no,no
response_position,13.0,11.0,-1.3333333333333333,-1.0,0.8974487918811391,0.00015384615384615385,no,no
response_position,11.0,15.0,-1.0,1.0,0.3523808651090834,0.00015384615384615385,no,no
response_position,11.0,16.0,-1.0,1.0,0.3523808651090834,0.00015384615384615385,no,no
response_position,11.0,17.0,-1.0,1.0,0.16686574910400942,0.00015384615384615385,no,no
response_position,11.0,20.0,-1.0,0.0,0.2755961301178551,0.00015384615384615385,no,no
response_position,11.0,21.0,-1.0,2.0,0.24183542123691049,0.00015384615384615385,no,no
response_position,11.0,22.0,-1.0,1.0,0.3523808651090834,0.00015384615384615385,no,no
response_position,11.0,24.0,-1.0,-1.0,0.8149210911464686,0.00015384615384615385,no,no
response_position,11.0,25.0,-1.0,0.0,0.35675633955641795,0.00015384615384615385,no,no
response_position,11.0,29.0,-1.0,0.0,0.48252521231388223,0.00015384615384615385,no,no
response_position,11.0,31.0,-1.0,-1.0,0.8149210911464686,0.00015384615384615385,no,no
response_position,11.0,32.0,-1.0,2.0,0.24183542123691049,0.00015384615384615385,no,no
response_position,43.0,11.0,-2.0,-1.0,0.6170750774519738,0.00015384615384615385,no,no
response_position,44.0,11.0,-2.0,-1.0,0.6170750774519738,0.00015384615384615385,no,no
response_position,13.0,12.0,-1.3333333333333333,0.0,0.31731050786291415,0.00015384615384615385,no,no
response_position,12.0,15.0,0.0,1.0,0.4795001221869535,0.00015384615384615385,no,no
response_position,12.0,16.0,0.0,1.0,0.4795001221869535,0.00015384615384615385,no,no
response_position,12.0,17.0,0.0,1.0,0.1939308522824107,0.00015384615384615385,no,no
response_position,12.0,20.0,0.0,0.0,1.0,0.00015384615384615385,no,no
response_position,12.0,21.0,0.0,2.0,0.4795001221869535,0.00015384615384615385,no,no
response_position,12.0,22.0,0.0,1.0,0.4795001221869535,0.00015384615384615385,no,no
response_position,24.0,12.0,-1.0,0.0,0.4795001221869535,0.00015384615384615385,no,no
response_position,12.0,25.0,0.0,0.0,1.0,0.00015384615384615385,no,no
response_position,12.0,29.0,0.0,0.0,1.0,0.00015384615384615385,no,no
response_position,31.0,12.0,-1.0,0.0,0.4795001221869535,0.00015384615384615385,no,no
response_position,12.0,32.0,0.0,2.0,0.4795001221869535,0.00015384615384615385,no,no
response_position,43.0,12.0,-2.0,0.0,0.4795001221869535,0.00015384615384615385,no,no
response_position,44.0,12.0,-2.0,0.0,0.4795001221869535,0.00015384615384615385,no,no
response_position,13.0,15.0,-1.3333333333333333,1.0,0.3457785861511603,0.00015384615384615385,no,no
response_position,13.0,16.0,-1.3333333333333333,1.0,0.3457785861511603,0.00015384615384615385,no,no
response_position,13.0,17.0,-1.3333333333333333,1.0,0.1281465612656797,0.00015384615384615385,no,no
response_position,13.0,20.0,-1.3333333333333333,0.0,0.31731050786291415,0.00015384615384615385,no,no
response_position,13.0,21.0,-1.3333333333333333,2.0,0.3457785861511603,0.00015384615384615385,no,no
response_position,13.0,22.0,-1.3333333333333333,1.0,0.3457785861511603,0.00015384615384615385,no,no
response_position,13.0,24.0,-1.3333333333333333,-1.0,1.0,0.00015384615384615385,no,no
response_position,13.0,25.0,-1.3333333333333333,0.0,0.3742593192802244,0.00015384615384615385,no,no
response_position,13.0,29.0,-1.3333333333333333,0.0,0.6170750774519738,0.00015384615384615385,no,no
response_position,13.0,31.0,-1.3333333333333333,-1.0,1.0,0.00015384615384615385,no,no
response_position,13.0,32.0,-1.3333333333333333,2.0,0.3457785861511603,0.00015384615384615385,no,no
response_position,43.0,13.0,-2.0,-1.3333333333333333,1.0,0.00015384615384615385,no,no
response_position,44.0,13.0,-2.0,-1.3333333333333333,1.0,0.00015384615384615385,no,no
response_position,15.0,16.0,1.0,1.0,1.0,0.00015384615384615385,no,no
response_position,15.0,17.0,1.0,1.0,1.0,0.00015384615384615385,no,no
response_position,20.0,15.0,0.0,1.0,0.4795001221869535,0.00015384615384615385,no,no
response_position,15.0,21.0,1.0,2.0,1.0,0.00015384615384615385,no,no
response_position,15.0,22.0,1.0,1.0,1.0,0.00015384615384615385,no,no
response_position,24.0,15.0,-1.0,1.0,1.0,0.00015384615384615385,no,no
response_position,25.0,15.0,0.0,1.0,1.0,0.00015384615384615385,no,no
response_position,29.0,15.0,0.0,1.0,1.0,0.00015384615384615385,no,no
response_position,31.0,15.0,-1.0,1.0,1.0,0.00015384615384615385,no,no
response_position,15.0,32.0,1.0,2.0,1.0,0.00015384615384615385,no,no
response_position,43.0,15.0,-2.0,1.0,1.0,0.00015384615384615385,no,no
response_position,44.0,15.0,-2.0,1.0,1.0,0.00015384615384615385,no,no
response_position,16.0,17.0,1.0,1.0,1.0,0.00015384615384615385,no,no
response_position,20.0,16.0,0.0,1.0,0.4795001221869535,0.00015384615384615385,no,no
response_position,16.0,21.0,1.0,2.0,1.0,0.00015384615384615385,no,no
response_position,16.0,22.0,1.0,1.0,1.0,0.00015384615384615385,no,no
response_position,24.0,16.0,-1.0,1.0,1.0,0.00015384615384615385,no,no
response_position,25.0,16.0,0.0,1.0,1.0,0.00015384615384615385,no,no
response_position,29.0,16.0,0.0,1.0,1.0,0.00015384615384615385,no,no
response_position,31.0,16.0,-1.0,1.0,1.0,0.00015384615384615385,no,no
response_position,16.0,32.0,1.0,2.0,1.0,0.00015384615384615385,no,no
response_position,43.0,16.0,-2.0,1.0,1.0,0.00015384615384615385,no,no
response_position,44.0,16.0,-2.0,1.0,1.0,0.00015384615384615385,no,no
response_position,20.0,17.0,0.0,1.0,0.1939308522824107,0.00015384615384615385,no,no
response_position,17.0,21.0,1.0,2.0,0.4795001221869535,0.00015384615384615385,no,no
response_position,17.0,22.0,1.0,1.0,1.0,0.00015384615384615385,no,no
response_position,24.0,17.0,-1.0,1.0,0.4795001221869535,0.00015384615384615385,no,no
response_position,25.0,17.0,0.0,1.0,0.6170750774519738,0.00015384615384615385,no,no
response_position,29.0,17.0,0.0,1.0,0.4795001221869535,0.00015384615384615385,no,no
response_position,31.0,17.0,-1.0,1.0,0.4795001221869535,0.00015384615384615385,no,no
response_position,17.0,32.0,1.0,2.0,0.4795001221869535,0.00015384615384615385,no,no
response_position,43.0,17.0,-2.0,1.0,0.4795001221869535,0.00015384615384615385,no,no
response_position,44.0,17.0,-2.0,1.0,0.4795001221869535,0.00015384615384615385,no,no
response_position,20.0,21.0,0.0,2.0,0.4795001221869535,0.00015384615384615385,no,no
response_position,20.0,22.0,0.0,1.0,0.4795001221869535,0.00015384615384615385,no,no
response_position,24.0,20.0,-1.0,0.0,0.4795001221869535,0.00015384615384615385,no,no
response_position,20.0,25.0,0.0,0.0,1.0,0.00015384615384615385,no,no
response_position,20.0,29.0,0.0,0.0,1.0,0.00015384615384615385,no,no
response_position,31.0,20.0,-1.0,0.0,0.4795001221869535,0.00015384615384615385,no,no
response_position,20.0,32.0,0.0,2.0,0.4795001221869535,0.00015384615384615385,no,no
response_position,43.0,20.0,-2.0,0.0,0.4795001221869535,0.00015384615384615385,no,no
response_position,44.0,20.0,-2.0,0.0,0.4795001221869535,0.00015384615384615385,no,no
response_position,22.0,21.0,1.0,2.0,1.0,0.00015384615384615385,no,no
response_position,24.0,21.0,-1.0,2.0,1.0,0.00015384615384615385,no,no
response_position,25.0,21.0,0.0,2.0,0.6666666666666666,0.00015384615384615385,no,no
response_position,29.0,21.0,0.0,2.0,1.0,0.00015384615384615385,no,no
response_position,31.0,21.0,-1.0,2.0,1.0,0.00015384615384615385,no,no
response_position,21.0,32.0,2.0,2.0,1.0,0.00015384615384615385,no,no
response_position,43.0,21.0,-2.0,2.0,1.0,0.00015384615384615385,no,no
response_position,44.0,21.0,-2.0,2.0,1.0,0.00015384615384615385,no,no
response_position,24.0,22.0,-1.0,1.0,1.0,0.00015384615384615385,no,no
response_position,25.0,22.0,0.0,1.0,1.0,0.00015384615384615385,no,no
response_position,29.0,22.0,0.0,1.0,1.0,0.00015384615384615385,no,no
response_position,31.0,22.0,-1.0,1.0,1.0,0.00015384615384615385,no,no
response_position,22.0,32.0,1.0,2.0,1.0,0.00015384615384615385,no,no
response_position,43.0,22.0,-2.0,1.0,1.0,0.00015384615384615385,no,no
response_position,44.0,22.0,-2.0,1.0,1.0,0.00015384615384615385,no,no
response_position,24.0,25.0,-1.0,0.0,1.0,0.00015384615384615385,no,no
response_position,24.0,29.0,-1.0,0.0,1.0,0.00015384615384615385,no,no
response_position,24.0,31.0,-1.0,-1.0,1.0,0.00015384615384615385,no,no
response_position,24.0,32.0,-1.0,2.0,1.0,0.00015384615384615385,no,no
response_position,43.0,24.0,-2.0,-1.0,1.0,0.00015384615384615385,no,no
response_position,44.0,24.0,-2.0,-1.0,1.0,0.00015384615384615385,no,no
response_position,25.0,29.0,0.0,0.0,1.0,0.00015384615384615385,no,no
response_position,31.0,25.0,-1.0,0.0,1.0,0.00015384615384615385,no,no
response_position,25.0,32.0,0.0,2.0,0.6666666666666666,0.00015384615384615385,no,no
response_position,43.0,25.0,-2.0,0.0,0.6666666666666666,0.00015384615384615385,no,no
response_position,44.0,25.0,-2.0,0.0,0.6666666666666666,0.00015384615384615385,no,no
response_position,31.0,29.0,-1.0,0.0,1.0,0.00015384615384615385,no,no
response_position,29.0,32.0,0.0,2.0,1.0,0.00015384615384615385,no,no
response_position,43.0,29.0,-2.0,0.0,1.0,0.00015384615384615385,no,no
response_position,44.0,29.0,-2.0,0.0,1.0,0.00015384615384615385,no,no
response_position,31.0,32.0,-1.0,2.0,1.0,0.00015384615384615385,no,no
response_position,43.0,31.0,-2.0,-1.0,1.0,0.00015384615384615385,no,no
response_position,44.0,31.0,-2.0,-1.0,1.0,0.00015384615384615385,no,no
response_position,43.0,32.0,-2.0,2.0,1.0,0.00015384615384615385,no,no
response_position,44.0,32.0,-2.0,2.0,1.0,0.00015384615384615385,no,no
response_position,43.0,44.0,-2.0,-2.0,1.0,0.00015384615384615385,no,no
selected_amount,2.0,1.0,0.3665158371040724,0.38236884802596,0.7557130300488529,0.0011111111111111111,no,no
selected_amount,1.0,3.0,0.38236884802596,0.5454545454545454,0.3557448077832521,0.0011111111111111111,no,no
selected_amount,1.0,4.0,0.38236884802596,0.42857142857142855,0.8599985597818235,0.0011111111111111111,no,no
selected_amount,1.0,5.0,0.38236884802596,0.8333333333333334,0.5100381008158548,0.0011111111111111111,no,no
selected_amount,1.0,6.0,0.38236884802596,0.5,0.9378793727117783,0.0011111111111111111,no,no
selected_amount,8.0,1.0,-0.2857142857142857,0.38236884802596,0.096992508703807,0.0011111111111111111,no,no
selected_amount,1.0,9.0,0.38236884802596,1.0,0.540590159176684,0.0011111111111111111,no,no
selected_amount,1.0,19.0,0.38236884802596,2.0,0.1700319376343642,0.0011111111111111111,no,no
selected_amount,21.0,1.0,-2.0,0.38236884802596,0.12202358426021608,0.0011111111111111111,no,no
selected_amount,2.0,3.0,0.3665158371040724,0.5454545454545454,0.2990414840006833,0.0011111111111111111,no,no
selected_amount,2.0,4.0,0.3665158371040724,0.42857142857142855,0.7889255911914466,0.0011111111111111111,no,no
selected_amount,2.0,5.0,0.3665158371040724,0.8333333333333334,0.46535231126485554,0.0011111111111111111,no,no
selected_amount,2.0,6.0,0.3665158371040724,0.5,0.8915388486051986,0.0011111111111111111,no,no
selected_amount,8.0,2.0,-0.2857142857142857,0.3665158371040724,0.09831516722783963,0.0011111111111111111,no,no
selected_amount,2.0,9.0,0.3665158371040724,1.0,0.5166591296833645,0.0011111111111111111,no,no
selected_amount,2.0,19.0,0.3665158371040724,2.0,0.15115297355055843,0.0011111111111111111,no,no
selected_amount,21.0,2.0,-2.0,0.3665158371040724,0.11588095712656092,0.0011111111111111111,no,no
selected_amount,4.0,3.0,0.42857142857142855,0.5454545454545454,0.7996995543082088,0.0011111111111111111,no,no
selected_amount,3.0,5.0,0.5454545454545454,0.8333333333333334,0.7789992764661897,0.0011111111111111111,no,no
selected_amount,6.0,3.0,0.5,0.5454545454545454,0.8399807392179003,0.0011111111111111111,no,no
selected_amount,8.0,3.0,-0.2857142857142857,0.5454545454545454,0.03811369543711974,0.0011111111111111111,yes,no
selected_amount,3.0,9.0,0.5454545454545454,1.0,0.6460836613522821,0.0011111111111111111,no,no
selected_amount,3.0,19.0,0.5454545454545454,2.0,0.15548515133432755,0.0011111111111111111,no,no
selected_amount,21.0,3.0,-2.0,0.5454545454545454,0.10151311707369176,0.0011111111111111111,no,no
selected_amount,4.0,5.0,0.42857142857142855,0.8333333333333334,0.6309382523800813,0.0011111111111111111,no,no
selected_amount,4.0,6.0,0.42857142857142855,0.5,1.0,0.0011111111111111111,no,no
selected_amount,8.0,4.0,-0.2857142857142857,0.42857142857142855,0.18230435491658037,0.0011111111111111111,no,no
selected_amount,4.0,9.0,0.42857142857142855,1.0,0.6139052488868622,0.0011111111111111111,no,no
selected_amount,4.0,19.0,0.42857142857142855,2.0,0.25642920468772246,0.0011111111111111111,no,no
selected_amount,21.0,4.0,-2.0,0.42857142857142855,0.14668567006267275,0.0011111111111111111,no,no
selected_amount,6.0,5.0,0.5,0.8333333333333334,0.8094610186266045,0.0011111111111111111,no,no
selected_amount,8.0,5.0,-0.2857142857142857,0.8333333333333334,0.03568444214021265,0.0011111111111111111,yes,no
selected_amount,5.0,9.0,0.8333333333333334,1.0,1.0,0.0011111111111111111,no,no
selected_amount,5.0,19.0,0.8333333333333334,2.0,0.28991845394256976,0.0011111111111111111,no,no
selected_amount,21.0,5.0,-2.0,0.8333333333333334,0.19024926443331514,0.0011111111111111111,no,no
selected_amount,8.0,6.0,-0.2857142857142857,0.5,0.19311455812203415,0.0011111111111111111,no,no
selected_amount,6.0,9.0,0.5,1.0,0.8057327908484386,0.0011111111111111111,no,no
selected_amount,6.0,19.0,0.5,2.0,0.2356799134290376,0.0011111111111111111,no,no
selected_amount,21.0,6.0,-2.0,0.5,0.2356799134290376,0.0011111111111111111,no,no
selected_amount,8.0,9.0,-0.2857142857142857,1.0,0.21275781783561587,0.0011111111111111111,no,no
selected_amount,8.0,19.0,-0.2857142857142857,2.0,0.16866861888781515,0.0011111111111111111,no,no
selected_amount,21.0,8.0,-2.0,-0.2857142857142857,0.16866861888781515,0.0011111111111111111,no,no
selected_amount,9.0,19.0,1.0,2.0,1.0,0.0011111111111111111,no,no
selected_amount,21.0,9.0,-2.0,1.0,0.6666666666666666,0.0011111111111111111,no,no
selected_amount,21.0,19.0,-2.0,2.0,1.0,0.0011111111111111111,no,no
sim_statem_query,high,low,0.3532668881506091,0.36260162601626017,0.9032934727652312,0.016666666666666666,no,no
sim_statem_query,high,mid,0.3532668881506091,0.4472140762463343,0.24331788269241816,0.016666666666666666,no,no
sim_statem_query,low,mid,0.36260162601626017,0.4472140762463343,0.24237340806123575,0.016666666666666666,no,no
